budget,loss,training_loss
1452,0.9298389852046967,0.5487885144192026
2904,0.5352837890386581,1.4877750349846663
4356,0.4893132795890172,1.2856589442552973
5808,0.4869425632059574,1.168680070932373
7260,0.487011057138443,1.1733358682699477
8712,0.4877823342879613,1.1671946887689324
10164,0.48784966128213064,1.170194819163488
11616,0.48804864659905434,1.168127275318991
13068,0.4883440136909485,1.1701475546078572
14520,0.4884630382061005,1.1692031279674726
