budget,loss,training_loss
1452,0.9174036681652069,0.5675380211562914
2904,0.5396634638309479,1.5298967334689109
4356,0.5528357823689779,1.147318699677183
5808,0.565677598118782,1.1764490957001392
7260,0.5733999848365784,1.1235571183353925
8712,0.5765936623016993,1.1655746897603856
10164,0.5804944677012307,1.1683268986516726
11616,0.5852950513362885,1.1607904092712593
13068,0.5862573948171403,1.1601784016103065
14520,0.588149881362915,1.1556052732770814
