budget,loss,training_loss
1452,0.6397086381912231,0.5084970922886866
2904,0.5327759832143784,1.452247505083974
4356,0.506406789024671,1.1679241150787836
5808,0.5030254647135735,1.1237278701945135
7260,0.4977954179048538,1.1325468973964223
8712,0.49563491841157276,1.136599880325913
10164,0.4952958566801889,1.13551364282986
11616,0.4920576736330986,1.1392083184398814
13068,0.49246324929926133,1.1392178953793977
14520,0.4917630970478058,1.140080881673272
