budget,loss,training_loss
1452,0.8215360045433044,0.5124581810134848
2904,0.48347989469766617,1.3884551934596439
4356,0.49426350990931195,1.0731291404709458
5808,0.5151973962783813,1.1102834216517325
7260,0.5231041818857193,1.1051408120891648
8712,0.5307974517345428,1.0959503665997015
10164,0.5366570459944862,1.0896886613637755
11616,0.5395599585026503,1.0853847047562817
13068,0.5421195841497846,1.0805394826957815
14520,0.5447229206562042,1.0790074468574162
