budget,loss,training_loss
1452,1.6853850483894348,0.5664704697910495
2904,0.6043661832809448,1.5238305191980281
4356,0.4916481177012126,1.180032626146133
5808,0.48970697075128555,1.117214202298303
7260,0.4890797734260559,1.162513475485873
8712,0.48805637905995053,1.1230748820436998
10164,0.48705834576061796,1.1468406139109306
11616,0.48673016391694546,1.1429697819508484
13068,0.48683828446600175,1.1403462728666716
14520,0.48626698553562164,1.1394406456692399
