budget,loss,training_loss
5808,0.8824274241924286,0.7620738027054871
11616,0.8962346166372299,1.2788497428407375
17424,0.9088968137900034,1.107029677143335
23232,0.8967303335666656,1.0535052964877178
29040,0.8826978385448456,1.0099047310010687
34848,0.8728223989407221,0.9859593034735624
40656,0.867168767111642,0.9811665589661727
46464,0.8571482375264168,0.9814128216021443
52272,0.8598844938808017,0.9832418926783812
58080,0.8499332934617996,0.9844109435171428
