budget,loss,training_loss
1452,0.7997184097766876,0.5356485249144253
2904,0.646385133266449,0.8379594766284864
4356,0.5787415603796641,0.6912715062730191
5808,0.5396979302167892,0.6764881550126775
7260,0.5324385732412338,0.5797267577408972
8712,0.534436305363973,0.6223449010235402
10164,0.5341669619083405,0.6012490320138307
11616,0.5355802848935127,0.630295805472442
13068,0.5360139889849557,0.612526079408772
14520,0.5382188498973847,0.593284412371275
