budget,loss,training_loss
1452,0.9519655704498291,0.5439757687880018
2904,0.5628182291984558,0.8104629572865534
4356,0.5258245468139648,0.6230696157437693
5808,0.5136868171393871,0.6159632164201919
7260,0.5133708000183106,0.5414094894063511
8712,0.5150549660126368,0.565974448473399
10164,0.5186104646750859,0.537808605145577
11616,0.531225984916091,0.5658223063593876
13068,0.5362092422114478,0.5477964326391747
14520,0.5421670913696289,0.528247188963619
