budget,loss,training_loss
1452,0.723158985376358,0.5152418558272727
2904,0.4894249439239502,0.8250588336877064
4356,0.48600566883881885,0.6751117563296992
5808,0.49259481579065323,0.6678504643926195
7260,0.48533508479595183,0.5815918777367058
8712,0.4826681986451149,0.631546779183291
10164,0.48311170084135874,0.6049231038697755
11616,0.48236866295337677,0.6403426082177739
13068,0.48284681472513413,0.6157969422183271
14520,0.4846627861261368,0.5994970264243442
