budget,loss,training_loss
1452,0.8472549915313721,0.5110463936715016
2904,0.623711958527565,0.8323853698100312
4356,0.5495758752028147,0.68328154986992
5808,0.5857827663421631,0.6689954810081773
7260,0.6201624393463134,0.5647330299550276
8712,0.6432344218095144,0.5766831801527849
10164,0.6523356565407344,0.5359538310100826
11616,0.6702356562018394,0.5594248597697041
13068,0.6787995994091034,0.532197104873855
14520,0.6860173314809799,0.5165405636248381
