budget,loss,training_loss
1452,0.8250957429409027,0.5654076377652911
2904,0.7270908355712891,0.9016762089236999
4356,0.5636638700962067,0.7743882048093053
5808,0.5005384758114815,0.7446264859977042
7260,0.5041803330183029,0.6376135156378391
8712,0.4958578223983447,0.6467323136823648
10164,0.48426708579063416,0.6175710691127696
11616,0.4847481921315193,0.6426012535791097
13068,0.48460060358047485,0.6237246291984324
14520,0.4861817076802254,0.6013653988024862
