budget,loss,training_loss
1452,0.8277693390846252,0.5332865874381175
2904,0.582717627286911,0.7580604525090671
4356,0.4963156282901764,0.6040136471406133
5808,0.5092316009104252,0.6299846870884015
7260,0.5195569276809693,0.5654810778917232
8712,0.5200860177477201,0.603450241629664
10164,0.5233402018036161,0.5790459003529345
11616,0.5244751013815403,0.6104240814844767
13068,0.5266791416539086,0.5862184737797623
14520,0.5343613177537918,0.5752829404977652
