budget,loss,training_loss
1452,1.0981727242469788,0.5690422646490652
2904,0.9544634521007538,0.8685590067444298
4356,0.9076622029145559,0.7175172127267074
5808,0.7503214254975319,0.6993202836650192
7260,0.5481795310974121,0.6139690821996399
8712,0.49633267521858215,0.6420314051982751
10164,0.49813954319272724,0.61173731012834
11616,0.5038717892020941,0.6451267508131948
13068,0.5057506908973058,0.6195592332972019
14520,0.5087358921766281,0.6071958414288269
