budget,loss,training_loss
1452,1.1697136163711548,0.5195194161030198
2904,0.9580275863409042,0.8381579477878447
4356,0.7179341713587443,0.7140288185308983
5808,0.5111054666340351,0.68679525024572
7260,0.5195987522602081,0.5661464740543304
8712,0.529322495063146,0.5927941076368126
10164,0.5223062889916557,0.5691781843601393
11616,0.5189715512096882,0.5994724397042498
13068,0.5203076733483208,0.5795700070770614
14520,0.5240861445665359,0.5650747500135747
