budget,loss,training_loss
1452,0.9594836235046387,0.5151424432475034
2904,0.7345837503671646,0.7901122963885642
4356,0.5750697453816732,0.6666413260837623
5808,0.5833579003810883,0.6231626887230357
7260,0.49308890402317046,0.5137729567617274
8712,0.4738670339186986,0.5244474797108442
10164,0.4792360578264509,0.4937231316074582
11616,0.48216744512319565,0.5174311807697289
13068,0.4846361180146535,0.49639824406829686
14520,0.48224341720342634,0.48271490578667375
